RegionID,RegionName,2018-03-1bd,2018-04-1bd,2018-05-1bd,2018-06-1bd,2018-07-1bd,2018-08-1bd,2018-09-1bd,2018-10-1bd,2018-11-1bd,2018-12-1bd,2019-01-1bd,2019-02-1bd,2019-03-1bd,2019-04-1bd,2019-05-1bd,2019-06-1bd,2019-07-1bd,2019-08-1bd,2019-09-1bd,2019-10-1bd,2019-11-1bd,2019-12-1bd,2020-01-1bd,2020-02-1bd,2020-03-1bd,2018-03-2bd,2018-04-2bd,2018-05-2bd,2018-06-2bd,2018-07-2bd,2018-08-2bd,2018-09-2bd,2018-10-2bd,2018-11-2bd,2018-12-2bd,2019-01-2bd,2019-02-2bd,2019-03-2bd,2019-04-2bd,2019-05-2bd,2019-06-2bd,2019-07-2bd,2019-08-2bd,2019-09-2bd,2019-10-2bd,2019-11-2bd,2019-12-2bd,2020-01-2bd,2020-02-2bd,2020-03-2bd,2018-03-3bd,2018-04-3bd,2018-05-3bd,2018-06-3bd,2018-07-3bd,2018-08-3bd,2018-09-3bd,2018-10-3bd,2018-11-3bd,2018-12-3bd,2019-01-3bd,2019-02-3bd,2019-03-3bd,2019-04-3bd,2019-05-3bd,2019-06-3bd,2019-07-3bd,2019-08-3bd,2019-09-3bd,2019-10-3bd,2019-11-3bd,2019-12-3bd,2020-01-3bd,2020-02-3bd,2020-03-3bd
9,California,389104.0,392012.0,394170.0,396119.0,397999.0,399637.0,400481.0,401239.0,401731.0,401450.0,400621.0,399605.0,399031.0,399124.0,399290.0,399503.0,399949.0,400604.0,401758.0,402858.0,404068.0,406004.0,408468.0,411313.0,414067.0,451350.0,454197.0,456278.0,458256.0,460414.0,462127.0,463126.0,463932.0,464613.0,464534.0,463881.0,462757.0,462086.0,462212.0,462595.0,463038.0,463685.0,464712.0,466287.0,467914.0,469608.0,472107.0,475167.0,478892.0,482687.0,504989.0,507626.0,509573.0,511395.0,513539.0,515179.0,516247.0,517069.0,517842.0,517880.0,517493.0,516485.0,515996.0,516268.0,516931.0,517692.0,518589.0,519974.0,521874.0,523934.0,526007.0,528877.0,532205.0,536329.0,540591.0
54,Texas,105131.0,105931.0,106712.0,107442.0,108024.0,108700.0,109201.0,109862.0,110405.0,111239.0,111985.0,112748.0,113161.0,113490.0,113767.0,114205.0,114678.0,115177.0,115813.0,116285.0,116653.0,116733.0,116946.0,117178.0,117671.0,119661.0,120687.0,121689.0,122648.0,123551.0,124525.0,125272.0,126236.0,127115.0,128256.0,129272.0,130242.0,130922.0,131483.0,132058.0,132747.0,133428.0,134106.0,134916.0,135473.0,135945.0,136191.0,136649.0,137122.0,137750.0,176498.0,177634.0,178733.0,179791.0,180765.0,181776.0,182613.0,183569.0,184427.0,185490.0,186533.0,187485.0,188064.0,188468.0,188953.0,189562.0,190235.0,190887.0,191599.0,192142.0,192691.0,193104.0,193582.0,194085.0,194807.0
43,New York,356034.0,357653.0,359142.0,360223.0,361147.0,361933.0,363012.0,364013.0,365160.0,365855.0,366439.0,366612.0,367144.0,367687.0,368171.0,368528.0,368872.0,369362.0,369491.0,369558.0,369476.0,369800.0,369933.0,370185.0,370002.0,169583.0,170174.0,170755.0,171449.0,172314.0,173255.0,174237.0,175055.0,175767.0,176341.0,176930.0,177507.0,178176.0,178756.0,179341.0,179806.0,180188.0,180521.0,180833.0,181255.0,181700.0,182251.0,182737.0,183245.0,183685.0,181370.0,181977.0,182546.0,183236.0,184199.0,185279.0,186333.0,187178.0,187844.0,188399.0,189003.0,189651.0,190388.0,191009.0,191686.0,192225.0,192647.0,193012.0,193414.0,193946.0,194528.0,195191.0,195764.0,196355.0,196892.0
14,Florida,126723.0,127481.0,128233.0,128758.0,129371.0,129894.0,130469.0,130915.0,131598.0,132230.0,132842.0,132939.0,133068.0,133276.0,133611.0,133997.0,134349.0,134664.0,134986.0,135379.0,135693.0,135962.0,136332.0,137013.0,137644.0,169144.0,170322.0,171487.0,172424.0,173266.0,174066.0,174943.0,175792.0,176704.0,177636.0,178524.0,179036.0,179401.0,179756.0,180136.0,180595.0,181152.0,181675.0,182208.0,182776.0,183366.0,183902.0,184605.0,185522.0,186485.0,229277.0,230822.0,232384.0,233677.0,234884.0,236055.0,237284.0,238440.0,239524.0,240638.0,241659.0,242397.0,242838.0,243253.0,243657.0,244188.0,244842.0,245477.0,246135.0,246881.0,247686.0,248455.0,249449.0,250668.0,252016.0
21,Illinois,139254.0,139378.0,139704.0,140137.0,140478.0,140672.0,140978.0,141340.0,141818.0,142164.0,142108.0,142082.0,142238.0,142690.0,143002.0,143203.0,143403.0,143612.0,143730.0,143840.0,143864.0,143913.0,144120.0,144414.0,144701.0,144255.0,144559.0,145012.0,145601.0,146077.0,146474.0,146954.0,147402.0,147805.0,148059.0,148108.0,148358.0,148595.0,148947.0,149155.0,149367.0,149628.0,149829.0,149929.0,150000.0,150075.0,150192.0,150403.0,150550.0,150795.0,185836.0,186184.0,186641.0,187314.0,187805.0,188266.0,188818.0,189342.0,189849.0,190152.0,190282.0,190557.0,190870.0,191271.0,191564.0,191830.0,192178.0,192434.0,192557.0,192632.0,192696.0,192825.0,193021.0,193186.0,193438.0
47,Pennsylvania,117051.0,117746.0,118351.0,118703.0,119074.0,119479.0,119882.0,120281.0,120728.0,121134.0,121533.0,121915.0,122128.0,122371.0,122697.0,123192.0,123621.0,124011.0,124395.0,124845.0,125271.0,125669.0,126094.0,126512.0,126977.0,132949.0,133733.0,134475.0,134930.0,135367.0,135834.0,136348.0,136824.0,137323.0,137756.0,138257.0,138831.0,139219.0,139575.0,139974.0,140555.0,141137.0,141675.0,142162.0,142703.0,143232.0,143792.0,144299.0,144775.0,145262.0,171091.0,172131.0,173112.0,173725.0,174335.0,174944.0,175629.0,176243.0,176960.0,177643.0,178401.0,179099.0,179542.0,179958.0,180484.0,181245.0,182014.0,182753.0,183408.0,184098.0,184736.0,185391.0,185981.0,186613.0,187291.0
44,Ohio,66148.0,66726.0,67305.0,67828.0,68355.0,68781.0,69156.0,69554.0,70049.0,70542.0,71017.0,71408.0,71756.0,72055.0,72327.0,72656.0,73013.0,73418.0,73854.0,74233.0,74548.0,74864.0,75264.0,75704.0,76126.0,89241.0,89947.0,90643.0,91268.0,91861.0,92363.0,92823.0,93293.0,93880.0,94485.0,95137.0,95731.0,96283.0,96712.0,97111.0,97603.0,98152.0,98708.0,99285.0,99804.0,100279.0,100753.0,101299.0,101858.0,102431.0,131822.0,132757.0,133583.0,134351.0,135090.0,135738.0,136326.0,136891.0,137617.0,138365.0,139151.0,139854.0,140554.0,141099.0,141675.0,142319.0,143030.0,143714.0,144422.0,145090.0,145683.0,146274.0,146949.0,147632.0,148302.0
30,Michigan,97716.0,98693.0,99632.0,100623.0,101830.0,102999.0,104059.0,104786.0,105464.0,106253.0,107020.0,107723.0,108135.0,108480.0,108822.0,109268.0,109708.0,110133.0,110532.0,111081.0,111683.0,112266.0,112821.0,113377.0,114166.0,116683.0,117578.0,118399.0,119388.0,120422.0,121453.0,122343.0,123119.0,123830.0,124661.0,125371.0,126084.0,126576.0,127056.0,127515.0,128036.0,128592.0,129120.0,129694.0,130313.0,130986.0,131607.0,132281.0,132944.0,133804.0,159587.0,160585.0,161465.0,162533.0,163568.0,164663.0,165567.0,166448.0,167240.0,168218.0,168995.0,169774.0,170310.0,170872.0,171438.0,172093.0,172843.0,173536.0,174317.0,175094.0,175930.0,176663.0,177461.0,178271.0,179316.0
16,Georgia,169436.0,170580.0,172023.0,173769.0,175343.0,176717.0,177830.0,179235.0,180527.0,181499.0,182185.0,182529.0,182864.0,183470.0,184237.0,184582.0,184798.0,185120.0,185364.0,185400.0,185601.0,185957.0,186430.0,187050.0,187879.0,124538.0,125680.0,126888.0,128142.0,129296.0,130395.0,131431.0,132503.0,133594.0,134554.0,135466.0,136145.0,136953.0,137693.0,138526.0,139131.0,139743.0,140412.0,141071.0,141715.0,142272.0,142916.0,143668.0,144592.0,145466.0,159672.0,160772.0,161952.0,163255.0,164527.0,165734.0,166866.0,168008.0,169171.0,170260.0,171224.0,172023.0,172982.0,173934.0,174913.0,175695.0,176443.0,177246.0,178030.0,178795.0,179451.0,180139.0,180931.0,181860.0,182738.0
36,North Carolina,114267.0,114997.0,115732.0,116562.0,117406.0,118183.0,118896.0,119575.0,120340.0,121117.0,121931.0,122543.0,123210.0,123884.0,124575.0,125141.0,125677.0,126282.0,126923.0,127586.0,128154.0,128659.0,129104.0,129644.0,130152.0,115482.0,116192.0,116907.0,117673.0,118517.0,119317.0,120068.0,120747.0,121503.0,122272.0,123078.0,123743.0,124428.0,125121.0,125835.0,126525.0,127180.0,127860.0,128561.0,129276.0,129944.0,130575.0,131225.0,131958.0,132710.0,172627.0,173475.0,174370.0,175345.0,176484.0,177551.0,178568.0,179416.0,180353.0,181257.0,182240.0,183042.0,183880.0,184767.0,185689.0,186568.0,187400.0,188261.0,189132.0,190049.0,190936.0,191820.0,192654.0,193614.0,194598.0
40,New Jersey,224574.0,225695.0,226213.0,226632.0,226669.0,227066.0,227659.0,228732.0,229752.0,230340.0,230513.0,230475.0,230701.0,231112.0,231778.0,232547.0,233386.0,234104.0,234604.0,234913.0,235153.0,235650.0,236250.0,237007.0,237582.0,238718.0,239854.0,240509.0,241387.0,241853.0,242412.0,242926.0,243645.0,244360.0,244891.0,245246.0,245452.0,245746.0,245954.0,246335.0,246750.0,247287.0,247751.0,248142.0,248493.0,248873.0,249410.0,250055.0,250879.0,251704.0,301877.0,303358.0,304148.0,305264.0,305821.0,306631.0,307456.0,308487.0,309522.0,310220.0,310692.0,311001.0,311407.0,311677.0,312177.0,312719.0,313496.0,314052.0,314544.0,314999.0,315519.0,316322.0,317260.0,318395.0,319530.0
56,Virginia,204245.0,204653.0,205587.0,206313.0,207241.0,207821.0,208255.0,208676.0,208950.0,209441.0,210122.0,211097.0,212164.0,213227.0,214160.0,214936.0,215703.0,216655.0,217772.0,218927.0,220126.0,221259.0,222101.0,222760.0,223165.0,168402.0,168850.0,169506.0,170120.0,170778.0,171267.0,171695.0,172144.0,172755.0,173515.0,174295.0,175073.0,175806.0,176534.0,177172.0,177804.0,178455.0,179188.0,179962.0,180689.0,181225.0,181666.0,182074.0,182550.0,182996.0,224676.0,225344.0,226207.0,226982.0,227747.0,228318.0,228853.0,229402.0,230217.0,231189.0,232152.0,233077.0,233910.0,234741.0,235474.0,236264.0,237104.0,238045.0,239009.0,239912.0,240513.0,241008.0,241465.0,242050.0,242628.0
59,Washington,300834.0,304414.0,307139.0,308979.0,309932.0,310717.0,311988.0,313152.0,313766.0,313582.0,313345.0,312838.0,312296.0,311816.0,311843.0,312197.0,313042.0,314153.0,315125.0,316133.0,317742.0,319729.0,322080.0,324429.0,327048.0,307443.0,310619.0,313249.0,315303.0,316774.0,318143.0,319860.0,321555.0,322886.0,323513.0,324210.0,324553.0,324929.0,325124.0,325767.0,326818.0,328229.0,329891.0,331499.0,333197.0,335309.0,337851.0,340607.0,343570.0,346810.0,364282.0,367642.0,370308.0,372497.0,374056.0,375542.0,377376.0,379329.0,380872.0,381658.0,382526.0,383031.0,383553.0,383784.0,384700.0,386127.0,387994.0,390090.0,392170.0,394291.0,396815.0,399809.0,403033.0,406510.0,410421.0
26,Massachusetts,293066.0,294878.0,296147.0,297447.0,298989.0,300411.0,301349.0,302510.0,303348.0,304433.0,304972.0,305062.0,304722.0,304576.0,304706.0,305043.0,305150.0,305508.0,306118.0,306758.0,307361.0,308038.0,309269.0,310763.0,312534.0,319432.0,321000.0,322026.0,323181.0,324713.0,326209.0,327209.0,328229.0,328948.0,329981.0,330531.0,330824.0,330831.0,330997.0,331356.0,331847.0,332169.0,332772.0,333685.0,334826.0,335930.0,337087.0,338691.0,340573.0,342803.0,384834.0,386530.0,387692.0,388921.0,390578.0,392057.0,392866.0,393680.0,394200.0,395222.0,395745.0,396126.0,396150.0,396389.0,396678.0,397132.0,397459.0,398249.0,399506.0,401024.0,402453.0,403871.0,405777.0,407901.0,410451.0
22,Indiana,68619.0,69154.0,69696.0,70236.0,70862.0,71376.0,71827.0,72093.0,72542.0,73058.0,73734.0,74208.0,74706.0,75064.0,75466.0,75792.0,76049.0,76352.0,76678.0,77113.0,77432.0,77687.0,77879.0,78150.0,78367.0,84824.0,85487.0,86122.0,86754.0,87462.0,88115.0,88681.0,89085.0,89637.0,90270.0,91096.0,91720.0,92325.0,92767.0,93299.0,93774.0,94209.0,94676.0,95212.0,95820.0,96331.0,96744.0,97102.0,97554.0,97975.0,139486.0,140470.0,141371.0,142292.0,143284.0,144226.0,145011.0,145601.0,146372.0,147298.0,148372.0,149152.0,149832.0,150403.0,151153.0,151816.0,152474.0,153146.0,153963.0,154825.0,155578.0,156191.0,156794.0,157564.0,158325.0
8,Arizona,126310.0,127590.0,128803.0,129884.0,130870.0,131793.0,132887.0,133794.0,134650.0,135290.0,136131.0,137056.0,137852.0,138425.0,139049.0,139932.0,140830.0,141834.0,142686.0,143738.0,144866.0,146311.0,147641.0,148921.0,150359.0,194401.0,196036.0,197574.0,199055.0,200366.0,201652.0,203152.0,204479.0,205744.0,206840.0,208170.0,209417.0,210509.0,211257.0,212116.0,213217.0,214465.0,215926.0,217191.0,218599.0,220073.0,221910.0,223644.0,225358.0,227324.0,228963.0,230564.0,231961.0,233275.0,234433.0,235628.0,237050.0,238245.0,239394.0,240355.0,241529.0,242636.0,243682.0,244457.0,245393.0,246654.0,248083.0,249784.0,251292.0,252983.0,254689.0,256862.0,258966.0,261083.0,263426.0
53,Tennessee,153203.0,154184.0,155102.0,156044.0,156990.0,157869.0,158724.0,159575.0,160373.0,161217.0,162114.0,162893.0,163507.0,163934.0,164628.0,165389.0,166194.0,167108.0,168153.0,169200.0,170326.0,171449.0,172609.0,173945.0,175560.0,121273.0,122070.0,122891.0,123852.0,124896.0,125805.0,126609.0,127403.0,128096.0,128899.0,129783.0,130698.0,131502.0,132196.0,132940.0,133608.0,134231.0,134986.0,135874.0,136819.0,137804.0,138720.0,139668.0,140632.0,141742.0,172751.0,173815.0,174816.0,175899.0,177049.0,178116.0,179196.0,180207.0,181091.0,181966.0,182985.0,183937.0,184779.0,185462.0,186327.0,187166.0,187947.0,188797.0,189750.0,190817.0,191977.0,193106.0,194191.0,195342.0,196659.0
32,Missouri,80337.0,80887.0,81440.0,82000.0,82513.0,83109.0,83531.0,83907.0,84179.0,84635.0,85118.0,85608.0,85990.0,86257.0,86525.0,86817.0,87148.0,87359.0,87604.0,87867.0,88197.0,88462.0,88690.0,88916.0,89173.0,94836.0,95472.0,96169.0,96757.0,97347.0,97991.0,98520.0,99027.0,99497.0,100071.0,100628.0,101143.0,101562.0,101931.0,102313.0,102740.0,103157.0,103480.0,103820.0,104161.0,104521.0,104869.0,105207.0,105579.0,105927.0,152801.0,153678.0,154610.0,155448.0,156262.0,157149.0,157819.0,158462.0,159044.0,159843.0,160614.0,161347.0,161880.0,162351.0,162879.0,163474.0,164052.0,164511.0,165049.0,165597.0,166177.0,166646.0,167111.0,167621.0,168222.0
27,Maryland,167382.0,168112.0,168523.0,168994.0,169471.0,169794.0,170107.0,170336.0,170542.0,170907.0,171665.0,172186.0,172263.0,172041.0,172102.0,172316.0,172507.0,172752.0,173048.0,173357.0,173686.0,174012.0,174308.0,174676.0,175341.0,200701.0,201612.0,202310.0,202921.0,203657.0,204198.0,204820.0,205210.0,205640.0,206065.0,206804.0,207479.0,207741.0,207757.0,207868.0,208173.0,208514.0,208934.0,209300.0,209724.0,210081.0,210529.0,210963.0,211404.0,212121.0,262543.0,263647.0,264497.0,265306.0,266240.0,266945.0,267526.0,267929.0,268509.0,269111.0,269913.0,270544.0,270842.0,270866.0,271039.0,271372.0,271779.0,272237.0,272742.0,273230.0,273541.0,273939.0,274402.0,274978.0,275803.0
60,Wisconsin,109289.0,109945.0,110706.0,111348.0,111954.0,112490.0,113095.0,113708.0,114341.0,114909.0,115386.0,115944.0,116597.0,117348.0,117999.0,118673.0,119365.0,120020.0,120586.0,121148.0,121692.0,122256.0,122788.0,123292.0,123634.0,132818.0,133631.0,134579.0,135380.0,136180.0,136876.0,137638.0,138347.0,139093.0,139747.0,140342.0,140982.0,141686.0,142498.0,143196.0,143888.0,144590.0,145320.0,146000.0,146719.0,147400.0,148066.0,148653.0,149243.0,149728.0,180088.0,181082.0,182302.0,183290.0,184256.0,184998.0,185917.0,186784.0,187722.0,188479.0,189190.0,189997.0,190851.0,191784.0,192520.0,193308.0,194142.0,195099.0,195962.0,196885.0,197710.0,198561.0,199335.0,200124.0,200842.0
31,Minnesota,143757.0,144657.0,145343.0,145934.0,146474.0,147276.0,147964.0,148814.0,149375.0,149968.0,150570.0,151131.0,151631.0,152068.0,152635.0,153302.0,153992.0,154599.0,155325.0,156011.0,156818.0,157530.0,158172.0,158852.0,159573.0,186193.0,187388.0,188352.0,189094.0,189855.0,190881.0,191827.0,192856.0,193722.0,194608.0,195556.0,196371.0,197021.0,197588.0,198271.0,199234.0,200206.0,201074.0,202017.0,202934.0,203870.0,204770.0,205617.0,206586.0,207650.0,235313.0,236757.0,237891.0,238779.0,239686.0,240919.0,242027.0,243181.0,244136.0,245175.0,246217.0,247098.0,247703.0,248225.0,248906.0,249895.0,250929.0,251817.0,252837.0,253862.0,254898.0,255848.0,256758.0,257831.0,259085.0
10,Colorado,238051.0,240074.0,242164.0,243903.0,245494.0,247143.0,248824.0,250454.0,251839.0,252849.0,253533.0,254228.0,254843.0,255419.0,255803.0,256522.0,257313.0,258072.0,258763.0,259327.0,259903.0,260669.0,261685.0,262711.0,263723.0,295918.0,298221.0,300758.0,303066.0,305163.0,307039.0,308860.0,310651.0,312396.0,313539.0,314272.0,315207.0,316006.0,316648.0,316796.0,317279.0,317915.0,318713.0,319513.0,320198.0,320862.0,321821.0,323133.0,324273.0,325528.0,360202.0,362626.0,365257.0,367705.0,369936.0,371899.0,373749.0,375677.0,377714.0,379030.0,379692.0,380618.0,381457.0,382291.0,382559.0,383204.0,384067.0,385111.0,386208.0,387115.0,387961.0,389117.0,390827.0,392343.0,394049.0
4,Alabama,82521.0,83361.0,84147.0,84929.0,86200.0,87697.0,89285.0,90597.0,91514.0,91851.0,92156.0,92487.0,93025.0,93262.0,93568.0,94000.0,94116.0,94106.0,93993.0,94233.0,94743.0,95562.0,96491.0,97438.0,98449.0,75469.0,75940.0,76494.0,77028.0,77695.0,78345.0,78962.0,79496.0,79991.0,80329.0,80652.0,81046.0,81409.0,81670.0,81954.0,82352.0,82687.0,83000.0,83348.0,83801.0,84351.0,84936.0,85602.0,86284.0,87110.0,131455.0,131960.0,132646.0,133332.0,134027.0,134601.0,135234.0,135769.0,136354.0,136728.0,137228.0,137839.0,138464.0,138980.0,139388.0,139964.0,140559.0,141215.0,141801.0,142519.0,143281.0,144169.0,145032.0,145893.0,146886.0
51,South Carolina,124301.0,125013.0,125748.0,126235.0,126706.0,127260.0,127866.0,128496.0,129028.0,129590.0,129901.0,130399.0,130571.0,130866.0,131012.0,131317.0,131671.0,132020.0,132347.0,132622.0,132950.0,133276.0,133724.0,134047.0,134453.0,113795.0,114642.0,115490.0,116175.0,116868.0,117573.0,118285.0,119019.0,119717.0,120434.0,121123.0,121887.0,122321.0,122729.0,123010.0,123510.0,124047.0,124557.0,125067.0,125553.0,126047.0,126502.0,126960.0,127338.0,127874.0,168226.0,169153.0,170066.0,170829.0,171612.0,172379.0,173186.0,173940.0,174738.0,175556.0,176377.0,177172.0,177663.0,178190.0,178673.0,179339.0,180026.0,180690.0,181325.0,181997.0,182626.0,183232.0,183758.0,184280.0,184938.0
25,Louisiana,146965.0,147000.0,146575.0,146320.0,146232.0,146428.0,146912.0,147433.0,147713.0,147649.0,147002.0,146637.0,146283.0,146118.0,146034.0,146104.0,146428.0,146644.0,146933.0,146973.0,147206.0,147590.0,148035.0,148343.0,148591.0,108591.0,108636.0,108547.0,108578.0,108617.0,108931.0,109222.0,109677.0,109904.0,109862.0,109542.0,109269.0,109267.0,109379.0,109584.0,109716.0,109900.0,109966.0,110012.0,109942.0,110017.0,110233.0,110592.0,110907.0,111072.0,156708.0,156773.0,156719.0,156798.0,156917.0,157258.0,157491.0,157777.0,157880.0,157843.0,157671.0,157611.0,157738.0,157894.0,158141.0,158342.0,158582.0,158710.0,158893.0,159053.0,159332.0,159731.0,160153.0,160566.0,160900.0
24,Kentucky,80274.0,80608.0,80784.0,80920.0,81289.0,81785.0,82165.0,82502.0,82435.0,82558.0,82636.0,83110.0,83598.0,84217.0,84907.0,85604.0,86166.0,86691.0,87344.0,88057.0,89007.0,89900.0,90867.0,91634.0,92426.0,85928.0,86310.0,86664.0,87012.0,87362.0,87693.0,87999.0,88311.0,88565.0,88853.0,89187.0,89639.0,90056.0,90480.0,90882.0,91321.0,91756.0,92202.0,92643.0,93075.0,93501.0,93912.0,94279.0,94587.0,94907.0,137241.0,137784.0,138269.0,138778.0,139327.0,139857.0,140337.0,140777.0,141190.0,141650.0,142223.0,142913.0,143556.0,144220.0,144864.0,145522.0,146141.0,146770.0,147412.0,148070.0,148682.0,149276.0,149770.0,150210.0,150652.0
46,Oregon,258228.0,259681.0,260729.0,261928.0,263065.0,264193.0,264803.0,265205.0,265672.0,266348.0,267280.0,267712.0,267950.0,268130.0,268632.0,269172.0,269700.0,270217.0,270907.0,271797.0,272464.0,273069.0,273374.0,273940.0,274621.0,273933.0,275796.0,277390.0,279005.0,280603.0,281893.0,283037.0,283765.0,284706.0,285674.0,286858.0,287661.0,288049.0,288401.0,288856.0,289575.0,290311.0,291270.0,292232.0,293569.0,294657.0,295730.0,296668.0,297761.0,299226.0,327020.0,329138.0,330900.0,332626.0,334549.0,336054.0,337473.0,338428.0,339840.0,341007.0,342229.0,342955.0,343231.0,343500.0,343931.0,344784.0,345550.0,346606.0,347678.0,349175.0,350299.0,351593.0,352951.0,354544.0,356552.0
45,Oklahoma,51139.0,51349.0,51594.0,51606.0,51540.0,51504.0,51576.0,51789.0,52028.0,52272.0,52387.0,52635.0,52794.0,52976.0,53070.0,53414.0,53799.0,54227.0,54562.0,54807.0,55020.0,55214.0,55536.0,55855.0,56264.0,57975.0,58101.0,58286.0,58346.0,58381.0,58417.0,58563.0,58789.0,58969.0,59158.0,59289.0,59624.0,59876.0,60165.0,60352.0,60690.0,61076.0,61498.0,61847.0,62117.0,62435.0,62756.0,63196.0,63537.0,63958.0,124546.0,124740.0,125077.0,125264.0,125475.0,125692.0,126014.0,126385.0,126718.0,127106.0,127402.0,127977.0,128438.0,128935.0,129279.0,129807.0,130398.0,131005.0,131533.0,132021.0,132614.0,133213.0,133985.0,134639.0,135419.0
11,Connecticut,112492.0,112885.0,112910.0,113114.0,113332.0,113796.0,114037.0,114455.0,114591.0,114938.0,114773.0,115031.0,115068.0,115522.0,115780.0,116052.0,116281.0,116494.0,116793.0,117021.0,117249.0,117440.0,117993.0,118328.0,118721.0,180051.0,180339.0,180695.0,181295.0,181724.0,182291.0,182586.0,183046.0,183294.0,183803.0,183837.0,184218.0,184399.0,184732.0,184850.0,184891.0,185002.0,185026.0,185279.0,185445.0,185674.0,185812.0,186424.0,186945.0,187570.0,246241.0,246574.0,246975.0,247508.0,247937.0,248473.0,248710.0,249071.0,249083.0,249511.0,249337.0,249781.0,249962.0,250438.0,250589.0,250714.0,250863.0,250939.0,251253.0,251519.0,251938.0,252231.0,253072.0,253657.0,254350.0
19,Iowa,74243.0,74601.0,75197.0,75593.0,76003.0,76190.0,76494.0,76591.0,76639.0,76823.0,77203.0,77707.0,78106.0,78426.0,78549.0,78781.0,78993.0,79322.0,79494.0,79804.0,80099.0,80307.0,80358.0,80306.0,80215.0,98826.0,99210.0,99671.0,99979.0,100305.0,100598.0,101009.0,101383.0,101691.0,102007.0,102380.0,102867.0,103288.0,103617.0,103835.0,104169.0,104487.0,104805.0,105032.0,105273.0,105521.0,105732.0,105929.0,106032.0,106151.0,148970.0,149498.0,150056.0,150432.0,150814.0,151187.0,151719.0,152213.0,152638.0,153032.0,153498.0,154135.0,154697.0,155128.0,155420.0,155912.0,156398.0,156864.0,157200.0,157558.0,157915.0,158246.0,158558.0,158749.0,158990.0
34,Mississippi,69905.0,70129.0,70326.0,70525.0,70759.0,70971.0,71193.0,71423.0,71688.0,71944.0,72174.0,72560.0,72870.0,73217.0,73522.0,73829.0,74154.0,74441.0,74743.0,75014.0,75231.0,75421.0,75610.0,75698.0,75815.0,75009.0,75308.0,75622.0,75879.0,76096.0,76286.0,76572.0,76841.0,77145.0,77439.0,77795.0,78248.0,78644.0,79008.0,79298.0,79644.0,80012.0,80393.0,80693.0,80989.0,81226.0,81450.0,81630.0,81731.0,81839.0,122575.0,122876.0,123288.0,123788.0,124407.0,124855.0,125377.0,125790.0,126238.0,126665.0,127141.0,127718.0,128312.0,128963.0,129441.0,129892.0,130264.0,130745.0,131129.0,131610.0,132036.0,132514.0,132913.0,133215.0,133473.0
6,Arkansas,83261.0,83613.0,84165.0,84740.0,85356.0,85904.0,86316.0,86692.0,87446.0,88109.0,88921.0,89360.0,89802.0,90176.0,90570.0,91024.0,91427.0,91886.0,92422.0,92977.0,93098.0,93183.0,93144.0,93502.0,93830.0,89963.0,90397.0,90851.0,91323.0,91775.0,92133.0,92542.0,92894.0,93451.0,93907.0,94465.0,94853.0,95221.0,95565.0,95958.0,96364.0,96743.0,97237.0,97735.0,98289.0,98649.0,99051.0,99441.0,100014.0,100650.0,139198.0,139886.0,140435.0,140948.0,141299.0,141601.0,141983.0,142433.0,142980.0,143551.0,144051.0,144499.0,144861.0,145237.0,145613.0,146089.0,146562.0,147098.0,147594.0,148094.0,148511.0,148885.0,149326.0,149779.0,150336.0
23,Kansas,52341.0,52435.0,52609.0,52817.0,52985.0,53206.0,53347.0,53490.0,53717.0,53898.0,54053.0,54183.0,54384.0,54653.0,54781.0,54873.0,55007.0,55108.0,55253.0,55368.0,55389.0,55440.0,55545.0,55703.0,55781.0,72978.0,73207.0,73462.0,73734.0,73941.0,74130.0,74310.0,74546.0,74884.0,75178.0,75418.0,75618.0,75868.0,76173.0,76444.0,76709.0,77027.0,77318.0,77592.0,77823.0,77984.0,78179.0,78424.0,78701.0,78938.0,139605.0,140134.0,140749.0,141347.0,141788.0,142172.0,142627.0,143174.0,143834.0,144394.0,144954.0,145420.0,145891.0,146354.0,146799.0,147359.0,148013.0,148657.0,149204.0,149680.0,150032.0,150463.0,150926.0,151503.0,152105.0
55,Utah,210454.0,212865.0,215394.0,217287.0,219147.0,220441.0,221996.0,224237.0,226145.0,228056.0,229723.0,231642.0,232923.0,233693.0,234066.0,235088.0,236147.0,237778.0,239210.0,240231.0,241296.0,242510.0,244024.0,245173.0,246573.0,233742.0,236413.0,238872.0,241077.0,243494.0,245433.0,247535.0,249918.0,252305.0,254551.0,256618.0,258605.0,260184.0,261388.0,262373.0,263739.0,264965.0,266558.0,268152.0,269506.0,270777.0,271946.0,273499.0,274828.0,276414.0,284566.0,287428.0,290163.0,292528.0,294989.0,297052.0,299462.0,302054.0,304637.0,306967.0,309041.0,310890.0,312398.0,313469.0,314360.0,315652.0,316939.0,318568.0,320124.0,321469.0,322687.0,323867.0,325491.0,327091.0,328945.0
42,Nevada,118802.0,120655.0,122189.0,124188.0,126186.0,128537.0,130178.0,131344.0,131858.0,132737.0,133475.0,134235.0,134491.0,134842.0,135131.0,135102.0,134800.0,134367.0,134252.0,134532.0,135056.0,135497.0,136092.0,136475.0,137210.0,194700.0,197143.0,199407.0,202415.0,205508.0,208903.0,211378.0,212983.0,213665.0,215038.0,216304.0,217594.0,217814.0,218320.0,218672.0,218521.0,218010.0,217496.0,217491.0,218076.0,219058.0,219916.0,221072.0,222034.0,223793.0,265664.0,268281.0,270684.0,274095.0,277510.0,281261.0,283789.0,285309.0,285788.0,287191.0,288567.0,289912.0,290029.0,290405.0,290673.0,290330.0,289608.0,288910.0,288915.0,289669.0,290936.0,292004.0,293430.0,294688.0,296999.0
41,New Mexico,132836.0,133708.0,134469.0,134786.0,134863.0,135066.0,135791.0,137146.0,138697.0,140340.0,141827.0,143116.0,143788.0,144223.0,144840.0,145923.0,147118.0,148261.0,149050.0,149358.0,149532.0,149779.0,150280.0,150891.0,151835.0,146407.0,147345.0,148120.0,148437.0,148417.0,148672.0,149206.0,150530.0,151649.0,152934.0,154064.0,155063.0,155634.0,156048.0,156660.0,157664.0,158874.0,159904.0,160854.0,161313.0,161929.0,162573.0,163416.0,164349.0,165463.0,188731.0,189728.0,190420.0,190934.0,191194.0,191726.0,192350.0,193753.0,194977.0,196369.0,197554.0,198450.0,199126.0,199660.0,200456.0,201449.0,202666.0,203759.0,204887.0,205565.0,206338.0,207154.0,208203.0,209428.0,210764.0
61,West Virginia,58861.0,59088.0,59231.0,59370.0,59491.0,59525.0,59561.0,59524.0,59760.0,60003.0,60298.0,60463.0,60644.0,60893.0,61118.0,61341.0,61526.0,61750.0,61937.0,62098.0,62005.0,61922.0,61796.0,61734.0,61613.0,65206.0,65408.0,65525.0,65599.0,65659.0,65697.0,65810.0,65835.0,66018.0,66228.0,66520.0,66745.0,66913.0,67126.0,67319.0,67557.0,67763.0,67964.0,68098.0,68260.0,68268.0,68268.0,68233.0,68229.0,68223.0,109965.0,110211.0,110354.0,110504.0,110604.0,110671.0,110807.0,110940.0,111281.0,111634.0,112038.0,112392.0,112755.0,113158.0,113522.0,113916.0,114324.0,114715.0,115045.0,115341.0,115455.0,115577.0,115679.0,115812.0,115931.0
38,Nebraska,86189.0,86632.0,87056.0,87576.0,88019.0,88413.0,88738.0,89121.0,89666.0,90194.0,90719.0,90963.0,91302.0,91585.0,92011.0,92334.0,92651.0,92982.0,93329.0,93633.0,93787.0,93963.0,94249.0,94763.0,95223.0,115524.0,116133.0,116858.0,117621.0,118320.0,118942.0,119599.0,120191.0,120853.0,121540.0,122231.0,122755.0,123307.0,123865.0,124413.0,124935.0,125456.0,126010.0,126490.0,126983.0,127395.0,127782.0,128225.0,128795.0,129383.0,165541.0,166346.0,167257.0,168261.0,169067.0,169834.0,170591.0,171368.0,172154.0,173052.0,173875.0,174535.0,175182.0,175846.0,176557.0,177233.0,178053.0,178891.0,179682.0,180399.0,181093.0,181716.0,182479.0,183325.0,184259.0
20,Idaho,166258.0,167983.0,169897.0,172033.0,174065.0,176094.0,178000.0,180229.0,182519.0,184408.0,186333.0,187982.0,190020.0,191522.0,193089.0,194474.0,195991.0,197575.0,199139.0,200430.0,201572.0,202887.0,204312.0,205875.0,207150.0,179355.0,181367.0,183715.0,186399.0,188978.0,191097.0,192912.0,194906.0,197213.0,199401.0,201661.0,203486.0,205611.0,207334.0,209113.0,210489.0,211990.0,213865.0,215892.0,217851.0,219473.0,221203.0,222888.0,224894.0,226679.0,230134.0,232746.0,235836.0,239390.0,242849.0,245627.0,248001.0,250534.0,253447.0,256230.0,259041.0,261158.0,263628.0,265595.0,267631.0,269078.0,270640.0,272831.0,275278.0,277809.0,279894.0,282278.0,284651.0,287565.0,290161.0
18,Hawaii,389794.0,390882.0,391139.0,391432.0,391919.0,393143.0,393942.0,394304.0,394453.0,394730.0,395222.0,395898.0,396540.0,397010.0,397114.0,397374.0,397610.0,397818.0,397732.0,397777.0,397740.0,397659.0,397570.0,397172.0,396730.0,490479.0,491987.0,492567.0,493343.0,493973.0,495562.0,496437.0,496680.0,496503.0,496468.0,497008.0,497668.0,498454.0,498754.0,498717.0,498623.0,498724.0,498676.0,498531.0,498632.0,498728.0,498745.0,498537.0,498133.0,497673.0,655960.0,658333.0,659517.0,660759.0,662015.0,664295.0,665534.0,666115.0,666237.0,666631.0,667214.0,667829.0,668557.0,668985.0,669149.0,669377.0,669747.0,669880.0,669862.0,669980.0,669899.0,669822.0,669679.0,669408.0,668968.0
28,Maine,163347.0,164051.0,164651.0,165181.0,165958.0,166657.0,167481.0,168203.0,168831.0,169378.0,169548.0,169925.0,170279.0,171143.0,172028.0,172951.0,173775.0,174648.0,175553.0,176590.0,177782.0,179085.0,180609.0,181966.0,183392.0,198877.0,199700.0,200404.0,201132.0,202132.0,203160.0,204084.0,204866.0,205596.0,206439.0,206679.0,206936.0,207103.0,207993.0,208852.0,209781.0,210572.0,211467.0,212537.0,213887.0,215321.0,216855.0,218736.0,220626.0,222709.0,231382.0,232281.0,233068.0,233846.0,234973.0,236136.0,237090.0,237861.0,238553.0,239532.0,239842.0,240184.0,240359.0,241287.0,242124.0,243087.0,243948.0,244965.0,246247.0,247815.0,249530.0,251245.0,253347.0,255436.0,257781.0
39,New Hampshire,132219.0,133029.0,133876.0,134609.0,135262.0,136030.0,136790.0,137398.0,137759.0,138226.0,138765.0,139323.0,139702.0,140109.0,140676.0,141337.0,142042.0,142592.0,143174.0,143847.0,144670.0,145506.0,146395.0,147379.0,148537.0,206427.0,207544.0,208650.0,209670.0,210556.0,211922.0,213149.0,214278.0,214887.0,215673.0,216527.0,217324.0,217775.0,218215.0,219085.0,220015.0,220988.0,221591.0,222359.0,223235.0,224430.0,225667.0,226968.0,228546.0,230373.0,280799.0,282000.0,283366.0,284563.0,285600.0,287185.0,288535.0,289804.0,290510.0,291537.0,292622.0,293537.0,294021.0,294471.0,295556.0,296716.0,297910.0,298567.0,299511.0,300598.0,302120.0,303646.0,305293.0,307431.0,309900.0
50,Rhode Island,186158.0,186454.0,186905.0,187303.0,187896.0,188624.0,189408.0,190285.0,190357.0,190722.0,191101.0,191394.0,191792.0,192212.0,192725.0,193268.0,193749.0,194410.0,195001.0,195689.0,196678.0,197647.0,198630.0,199888.0,201092.0,237594.0,238455.0,239414.0,240122.0,240865.0,242064.0,243077.0,243820.0,243588.0,243610.0,243841.0,244193.0,244755.0,245407.0,246058.0,246560.0,247311.0,247918.0,248688.0,249504.0,250754.0,251938.0,253109.0,254490.0,255615.0,288117.0,289033.0,289894.0,290567.0,291407.0,292846.0,294050.0,294808.0,294609.0,294653.0,294867.0,295164.0,295735.0,296396.0,297166.0,297809.0,298753.0,299459.0,300280.0,301248.0,302665.0,303974.0,305321.0,306860.0,308184.0
35,Montana,181867.0,183257.0,184877.0,186213.0,187401.0,188172.0,188772.0,189505.0,190286.0,191233.0,192122.0,193214.0,194176.0,195087.0,195793.0,196556.0,197440.0,198654.0,199915.0,201158.0,202237.0,203276.0,204344.0,205261.0,206139.0,197907.0,199285.0,200721.0,201985.0,203181.0,203933.0,204752.0,205611.0,206510.0,207386.0,208362.0,209552.0,210552.0,211390.0,212081.0,212928.0,213824.0,215090.0,216258.0,217404.0,218441.0,219617.0,220893.0,221965.0,223113.0,264796.0,266486.0,268481.0,270380.0,272208.0,273202.0,274275.0,275262.0,276596.0,277778.0,279083.0,280640.0,282018.0,283251.0,284099.0,285116.0,286110.0,287763.0,289217.0,290704.0,291847.0,293250.0,294750.0,296043.0,297344.0
13,Delaware,140668.0,141888.0,142774.0,143367.0,143871.0,144399.0,145096.0,145678.0,146288.0,146785.0,147903.0,148586.0,148856.0,148689.0,148368.0,148404.0,148288.0,148202.0,147994.0,147782.0,147652.0,147430.0,146906.0,146374.0,145926.0,171872.0,173366.0,174455.0,175235.0,175870.0,176431.0,176900.0,177546.0,178464.0,179417.0,180421.0,180777.0,181117.0,181228.0,181507.0,181835.0,182108.0,182318.0,182493.0,182431.0,182163.0,181963.0,181761.0,181717.0,181396.0,222007.0,223716.0,225068.0,225971.0,226800.0,227401.0,227949.0,228536.0,229372.0,230269.0,231196.0,231439.0,231611.0,231709.0,231908.0,232206.0,232391.0,232571.0,232726.0,232692.0,232554.0,232481.0,232390.0,232473.0,232329.0
52,South Dakota,97996.0,98463.0,99283.0,100431.0,101538.0,102741.0,103331.0,104138.0,104634.0,105344.0,105857.0,106150.0,106547.0,107033.0,107415.0,107336.0,107209.0,107195.0,107505.0,107750.0,108120.0,108324.0,108594.0,108983.0,109262.0,147340.0,147912.0,148781.0,149624.0,150426.0,151120.0,151793.0,152613.0,153383.0,154167.0,154884.0,155477.0,156000.0,156472.0,156775.0,157031.0,157316.0,157676.0,158087.0,158450.0,158838.0,159270.0,159738.0,160306.0,160863.0,183242.0,184046.0,184955.0,185815.0,186749.0,187630.0,188562.0,189507.0,190450.0,191297.0,192086.0,192677.0,193282.0,193841.0,194379.0,194885.0,195357.0,195919.0,196441.0,197004.0,197552.0,198281.0,199050.0,199980.0,200836.0
3,Alaska,140045.0,139614.0,139580.0,139674.0,139995.0,139938.0,139827.0,139646.0,139386.0,139266.0,139018.0,139749.0,140931.0,142732.0,143538.0,144259.0,144731.0,145518.0,146182.0,146937.0,147667.0,148324.0,149075.0,148998.0,148644.0,193698.0,193155.0,193232.0,193398.0,194391.0,194551.0,194428.0,193947.0,193376.0,193069.0,192713.0,194911.0,197280.0,200743.0,201907.0,203217.0,203753.0,204814.0,205875.0,207140.0,208453.0,209494.0,210351.0,208893.0,207139.0,282078.0,281265.0,281609.0,282219.0,284049.0,284617.0,284587.0,284398.0,284299.0,284598.0,284899.0,288466.0,292288.0,297606.0,299498.0,301501.0,302383.0,304192.0,306086.0,307855.0,309439.0,310603.0,311494.0,309279.0,306550.0
37,North Dakota,117719.0,117917.0,118332.0,118483.0,118142.0,117788.0,117592.0,117726.0,117921.0,118053.0,118292.0,118675.0,118975.0,119133.0,118915.0,118870.0,118950.0,119152.0,119234.0,119126.0,118839.0,118600.0,118193.0,117778.0,117297.0,161518.0,161627.0,161843.0,161681.0,161501.0,161337.0,161183.0,161064.0,161125.0,161401.0,161658.0,161931.0,162063.0,162364.0,162494.0,162822.0,162986.0,163295.0,163568.0,163840.0,163891.0,163859.0,163825.0,163911.0,163989.0,209104.0,209232.0,209382.0,208997.0,208667.0,208577.0,208517.0,208461.0,208421.0,208570.0,208943.0,209308.0,209430.0,209693.0,209901.0,210408.0,210722.0,211106.0,211456.0,211858.0,212124.0,212349.0,212415.0,212660.0,212944.0
58,Vermont,159093.0,159556.0,159783.0,159337.0,159314.0,159347.0,159854.0,160365.0,160662.0,160846.0,160895.0,161614.0,162192.0,162693.0,163037.0,164022.0,164739.0,165336.0,165548.0,165603.0,165811.0,166062.0,166507.0,166549.0,166711.0,198527.0,199034.0,199559.0,199747.0,200141.0,200400.0,201101.0,201516.0,201988.0,202425.0,203008.0,203960.0,204754.0,205235.0,205438.0,206171.0,206800.0,207460.0,207807.0,208231.0,208733.0,209283.0,209940.0,210433.0,211223.0,251577.0,252143.0,252784.0,252997.0,253551.0,253809.0,254538.0,254925.0,255493.0,256033.0,256624.0,257782.0,258937.0,259926.0,260484.0,261534.0,262383.0,263301.0,263851.0,264467.0,265045.0,265658.0,266345.0,266701.0,267183.0
12,District of Columbia,404764.0,405553.0,406003.0,407322.0,408663.0,408963.0,409366.0,409445.0,410153.0,410064.0,409623.0,408073.0,409182.0,410863.0,412884.0,413594.0,413815.0,414890.0,415661.0,416535.0,416915.0,417679.0,419060.0,420350.0,420514.0,568794.0,569930.0,570576.0,574520.0,578264.0,580385.0,582273.0,583689.0,585748.0,586884.0,587035.0,585638.0,588278.0,591193.0,594315.0,594522.0,594232.0,595311.0,595993.0,596864.0,597093.0,597853.0,599949.0,601935.0,602621.0,622421.0,624611.0,626377.0,633162.0,639542.0,644033.0,648285.0,651989.0,656335.0,659075.0,661259.0,661286.0,665780.0,669589.0,673617.0,674153.0,674393.0,676269.0,677999.0,679856.0,680912.0,682763.0,685532.0,688486.0,690459.0
62,Wyoming,153124.0,153435.0,153646.0,154152.0,154489.0,154829.0,155007.0,155385.0,155931.0,156520.0,157125.0,157808.0,158629.0,159554.0,160528.0,161332.0,162215.0,163015.0,163869.0,164524.0,164990.0,165363.0,165739.0,166103.0,166450.0,171657.0,172103.0,172424.0,172788.0,173161.0,173639.0,174106.0,174564.0,175079.0,175567.0,176182.0,176923.0,177937.0,178986.0,180068.0,181040.0,182004.0,182853.0,183663.0,184413.0,185051.0,185649.0,186166.0,186583.0,186825.0,232385.0,233041.0,233532.0,234071.0,234589.0,235131.0,235648.0,236173.0,236806.0,237409.0,238233.0,239219.0,240564.0,241873.0,243242.0,244477.0,245753.0,246936.0,248087.0,249186.0,250168.0,251184.0,252072.0,252830.0,253342.0
